insert ignore into tag (id, name)
VALUES (1, 'Сетевое оборудование'),
       (2, 'Wi-Fi роутеры'),
       (3, 'Маршрутизаторы'),
       (4, 'Аудиотехника'),
       (5, 'Наушники'),
       (6, 'Микрофоны'),
       (7, 'Техника для печати'),
       (8, 'Лазерные МФУ'),
       (9, 'Фототехника'),
       (10, 'Фотоаппараты'),
       (11, 'Sony'),
       (12, 'Xiaomi');



INSERT ignore INTO good (ID, NAME, SHORT_DESC, FULL_DESC, PRICE, IS_ACTIVE, GOOD_CODE, DATE_CREATE, DATE_UPDATE)
VALUES (1, 'МФУ лазерное Pantum M6507',
        'МФУ лазерное Pantum M6507 [черно-белая печать, A4, 1200x1200 dpi, ч/б - 22 стр/мин (А4), USB]', 'МФУ лазерное Pantum M6507 располагает ЖК-панелью, обеспечивающей непрерывное отображение происходящих процессов. Устройство ориентировано на последующее функционирование в небольших офисных группах, поскольку скорость его печати равна 22 страницам в минуту.
Чтобы предупредить появление искажений и неточностей, разрешение модели Pantum M6507 во время печати возросло до 1200х1200 dpi. Благодаря совместимости с множеством ОС обусловлена возможность подключения МФУ к различным ПК. Прибор производит печать как бумаге, так и на карточках, пленках, конвертах.',
        12799.0, true, 'MFU-PM6507', '2023-02-09 16:51:10', '2023-02-09 16:51:10'),
       (2, 'Микрофон HyperX QuadCast черный',
        'Микрофон HyperX QuadCast черный [проводной, настольный, -36 дБ, от 20 Гц до 20000 Гц, кабель - 300 см, USB, jack 3.5 мм]',
        'HyperX QuadCas — полнофункциональный автономный микрофон, который идеально подходит для начинающих стримеров или подкастеров, которым необходим конденсаторный микрофон с высоким качеством звука.',
        12799.0, true, 'MIC-HQC', '2023-02-09 17:01:36', '2023-02-09 17:01:36'),
       (3, 'Беззеркальная камера Sony Alpha A1 черная',
        'Беззеркальная камера Sony Alpha A1 черная [50.5 Мп, 35.9 х 24 мм, CMOS, 100-32000 ISO, 30 кадр./сек, экран - сенсорный]',
        'Беззеркальная камера Sony Alpha A1 благодаря полнокадровой матрице CMOS с тыловой подсветкой обеспечивает широкие возможности для творческой съемки. Она позволяет запечатлевать детализированные фотографии и реалистичные видео формата 8K. К свойствам камеры относится быстрая и точная фазовая автофокусировка.
Байонет Sony E предусматривает совместимость с соответствующими объективами. В Sony Alpha A1 установлен экран 3 дюйма с отзывчивой сенсорной панелью. Коммуникационные возможности представлены считывателем карты памяти, интерфейсами Wi-Fi и Bluetooth, проводными разъемами. Аккумулятор гарантирует создание до 530 фотографий на одном заряде.',
        519999.0, true, 'MLC-SAA1', '2023-02-09 16:54:03', '2023-02-09 16:54:03'),
       (4, 'Беззеркальная камера Sony ZV-1 черная',
        'Беззеркальная камера Sony ZV-1 черная [20.1 Мп, 13.2 x 8.8 мм, CMOS, диафрагма: f/1.8-2.8, 100-12800 ISO, 24 кадр./сек, экран - поворотный]',
        'С камерой Sony ZV-1 вы можете сразу приступить к съемке контента отличного качества. Для этого не нужна сложная настройка. На кадрах, снятых на камеру Sony ZV-1, оттенки всех цветов кожи выглядят выразительно и естественно. Также с помощью эффекта мягкой кожи можно сгладить все недостатки. Камера оснащена системой быстрой гибридной автофокусировки, которая позволяет без проблем переключать фокус с лица объекта съемки на задний план для создания красивого эффекта.',
        59999.0, true, 'MLC-SZV1', '2023-02-09 16:57:45', '2023-02-09 16:57:45'),
       (5, 'Маршрутизатор Mikrotik PowerBox', 'Маршрутизатор Mikrotik PowerBox [WAN/LAN 5x100 Мбит/с, IPv6]',
        'Маршрутизатор Mikrotik PowerBox выполнен в защищенном корпусе, поэтому предусматривает размещение внутри или снаружи помещения. В оснащение данного устройства входят 5 портов LAN (4 с поддержкой технологии PoE) со скоростью 100 Мбит/с. Широкий набор функций защиты повышает безопасность в использовании устройства. Маршрутизатор Mikrotik PowerBox поставляется в наборе с крепежными элементами, кабелем и адаптером питания.',
        5999.0, true, 'ROU-MPB', '2023-02-09 16:42:16', '2023-02-09 16:42:16'),
       (6, 'Наушники TWS Sony WF-1000XM4',
        'Наушники TWS Sony WF-1000XM4 черный [2.0, внутриканальные, 20 Гц - 20000 Гц, Bluetooth, 5.2]',
        'Полностью беспроводные наушники Sony WF-1000XM4 сочетают в себе передовую систему шумоподавления, высокое качество звука, интеллектуальные функции воспроизведения, водостойкость, 24-часа работы от аккумулятора и комфорт во время длительного прослушивания.',
        18499.0, true, 'TWS-SWF4',
        '2023-02-09 16:48:44', '2023-02-09 16:48:44'),
       (7, 'Wi-Fi роутер Xiaomi Mi Router 4C',
        'Wi-Fi роутер Xiaomi Mi Router 4C [2x100 Мбит/с, 4 (802.11n), Wi-Fi 300 Мбит/с, IPv6]', 'Маршрутизатор Xiaomi Mi Router 4C – популярная модель от широко известного производителя мобильных устройств и сетевого оборудования. Вы сможете обеспечить интернет-подключением всю использующую интернет-ресурсы технику, имеющую в своем оснащении модуль Wi-Fi. Примерами такого оборудования могут являться не только компьютеры (как стационарные, так и мобильные) и портативные средства связи, но и, в частности, телевизоры. Беспроводная передача данных происходит в 2.4-гигагерцовом диапазоне. Максимальная скорость в диапазоне 2.4 ГГц равна типовым 300 Мбит/с. Эффективность маршрутизатора повышена благодаря поддержке технологии многопотоковой передачи данных MIMO.
Маршрутизатор Xiaomi Mi Router 4C подходит и для проводной маршрутизации. Модель имеет 2 порта Ethernet. Для управления маршрутизатором используется веб-интерфейс. Устройство получает питание от электрической сети. Блок питания – внешний. Такое конструктивное решение способствует компактности маршрутизатора. Корпус модели имеет традиционный для продукции Xiaomi белый цвет.',
        999.0, true, 'WFR-X4C', '2023-02-09 16:37:23', '2023-02-09 16:37:23'),
       (8, 'Wi-Fi роутер Xiaomi Mi Router AX1800',
        'Wi-Fi роутер Xiaomi Mi Router AX1800 [3x1000 Мбит/с, 6 (802.11ax), 5 (802.11ac), 4 (802.11n), Wi-Fi 1775 Мбит/с, IPv6]', 'Двухдиапазонный Wi-Fi роутер Xiaomi Mi Router AX1800 способен стать эффективным центром интернет-подключения в доме, квартире или офисе. Возможны два вида коммутации – проводная и беспроводная. Необходимую площадь зоны покрытия сигнала Wi-Fi обеспечивают 4 внешние антенны. Компьютер, телевизор или другие устройства можно подключить, воспользовавшись портами LAN (их 3).
Wi-Fi роутер Xiaomi Mi Router AX1800 характеризуется суммарной максимальной скоростью беспроводного соединения 1775 Мбит/с. Пиковая скорость на частоте 2.4 ГГц равна 574 Мбит/с. Соответствующий показатель для частоты 5 ГГц – 1201 Мбит/с. Роутер поддерживает функции VPN IPSec(ESP Head), L2TP и PPTP. В наличии межсетевой экран. Фильтрацию пакетов можно производить по IP-адресу, по MAC-адресу и по URL-адресу. Управлять устройством можно через веб-интерфейс или посредством мобильного приложения Mi Wi-Fi. Роутер компактен: его габаритные размеры составляют 97x97x222 мм. Цвет корпуса – белый.',
        4499, true, 'WRR-XME0', '2023-02-09 16:37:23', '2023-02-09 16:37:23'),
       (9, 'Wi-Fi роутер Xiaomi Router AX3200 RB01',
        'Wi-Fi роутер Xiaomi Router AX3200 RB01 [3x1000 Мбит/с, 6 (802.11ax), 5 (802.11ac), 4 (802.11n), Wi-Fi 3202 Мбит/с, IPv6]', 'Wi-Fi-роутер Xiaomi Router AX3200 RB01 в компактном корпусе черного цвета оснащен 2-ядерным процессором, который обеспечивает высокую функциональность устройства. Он поддерживает стандарты Wi-Fi 5 (802.11ac), 6 (802.11ax) и 4 (802.11n), благодаря чему обеспечивается высокая скорость передачи данных. 6 несъемных внешних антенн на корпусе роутера предусматривают его одновременную работу в двух диапазонах: 2.4 ГГц и 5 ГГц. Максимальная скорость соединения может при этом достигать 3202 Мбит/с. Усовершенствованные протоколы безопасности (WPA, WPA2, WPA3) создают надежное шифрование паролей и защиту от бутфорс-атак.
Wi-Fi-роутер Xiaomi Router AX3200 RB01 поддерживает технологию MU-MIMO (многопотоковая передача данных), за счет которой улучшается покрытие и производительность сети. Наличие гигабитных портов LAN предусматривает поддержку IPTV и 4K TV. Для настройки роутера и его последующего управления предусмотрено удобное мобильное приложение. Технология OneMesh позволит устранить зоны со слабым сигналом в большой квартире или доме.',
        4999, true, 'WRR-XO31', '2023-02-09 16:37:23', '2023-02-09 16:37:23'),
       (10, 'Bluetooth-гарнитура Sony WH-1000XM4',
        'Bluetooth-гарнитура Sony WH-1000XM4 черный [2.0, охватывающие, 4 Гц - 40000 Гц, Bluetooth, проводной, кабель - 1.5 м]', 'Соответствующая аудиоформату 2.0 Bluetooth-гарнитура Sony WH-1000XM4 ориентирована на прослушивание музыки. Охватывающая конструкция устройства препятствует восприятию шумов внешнего мира. Ничто не помешает вам полностью сосредоточиться на прослушивании любимых композиций и интересных аудиокниг. Благодаря мягкости амбушюров и регулируемому оголовью гарнитура очень удобна. Звук воспроизводится в широчайшем частотном диапазоне – от 4 до 40000 Гц. Высочайшее качество звучания красноречиво характеризует значительная (105 дБ) чувствительность наушников. Микрофон, расположенный в корпусе, позволяет использовать гарнитуру для телефонных разговоров.
Для управления Bluetooth-гарнитурой Sony WH-1000XM4 можно использовать мобильное приложение и голосовые команды. Важным для многих пользователей преимуществом устройства станет возможность использования не только беспроводного (по Bluetooth), но и проводного подключения. Интегрированный модуль NFC упрощает коммутацию гарнитуры с Bluetooth-устройствами. Особенность комплектации модели – наличие переходника для самолета.',
        27999, true, 'BHA-SW04', '2023-02-09 16:37:23', '2023-02-09 16:37:23'),
       (11, 'Bluetooth-гарнитура Sony WH-1000XM5',
        'Bluetooth-гарнитура Sony WH-1000XM5 черный [2.0, охватывающие, 20 Гц - 40000 Гц, 48Ω, Bluetooth, проводной, 5.2, кабель - 1.5 м]', 'Bluetooth-гарнитура Sony WH-1000XM5 использует охватывающие мягкие амбушюры и фиксируется на оголовье. Поворотная конструкция чашек позволяет удобно транспортировать и хранить устройство, не повреждая его. Благодаря соединению через Bluetooth 5.2 вы обретаете свободу от проводов. От аккумулятора наушники способны звучать в течение 40 ч. При необходимости можно подключить кабель длиной 1.5 м, предусмотренный в комплекте.
Особенность наушников Sony WH-1000XM5 в оснащении 2 процессорами, который управляют 8 микрофонами, а также в специальном динамике с активным шумоподавлением. Такое решение позволяет достичь высокой четкости в процессе общения и дарит незабываемые ощущения от прослушивания музыки. Динамики диаметром 30 мм с жестким, легким куполом воспроизводят звук в диапазоне 20-40000 Гц: звучание получается естественным и более чистым. Для повышения разрешения сжатых файлов реализована технология DSEE Extreme. Распознавая жанры, музыкальные инструменты, она восстанавливает детали, которых композиции лишились после сжатия.',
        35999, true, 'BHA-SW05', '2023-02-09 16:37:23', '2023-02-09 16:37:23')
;


INSERT ignore INTO good_tag (GOOD_ID, TAG_ID)
values (1, 7),
       (1, 8),
       (2, 4),
       (2, 6),
       (3, 9),
       (3, 10),
       (3, 11),
       (4, 9),
       (4, 10),
       (4, 11),
       (5, 1),
       (5, 3),
       (6, 4),
       (6, 5),
       (6, 11),
       (7, 1),
       (7, 2),
       (7, 12),
       (8, 1),
       (8, 2),
       (8, 12),
       (9, 1),
       (9, 2),
       (9, 12),
       (10, 4),
       (10, 5),
       (10, 11),
       (11, 4),
       (11, 5),
       (11, 11);



INSERT ignore INTO image (ID, PATH, HEIGHT, WIDTH, IS_MAIN)
VALUES (1, 'static/MFU-PM6507/2A26D3985BA46BD2CB9ABBA25E5E20F7.webp', 760, 926, true),
       (2, 'static/MFU-PM6507/3A3E5F4C5DE65DF8E0766DD2B7D33169.webp', 529, 896, false),
       (3, 'static/MFU-PM6507/B2EE1C6F174FE995B76ABCFD3D9462A6.webp', 1252, 1195, false),
       (4, 'static/MFU-PM6507/B33B025DC96F3A4D62359DBAA1760AEA.webp', 548, 928, false),
       (5, 'static/MFU-PM6507/CAA1DDEC9DCCD80A07CEBEAAF4CC139E.webp', 1320, 1276, false),
       (6, 'static/MIC-HQC/45791819E67E9E8B9FFAE6ADF117C031.webp', 1596, 1196, false),
       (7, 'static/MIC-HQC/502905282F53C3ED156717748B6C4D66.webp', 1760, 924, false),
       (8, 'static/MIC-HQC/53B68D0A9732889B7638A1E5B1AB14A7.webp', 1755, 727, false),
       (9, 'static/MIC-HQC/672D08FAB0A398C13897954D3EB7AFAD.webp', 1614, 668, false),
       (10, 'static/MIC-HQC/F7AC1C99D259E6DEF213A471ABFDB2F0.webp', 1868, 820, true),
       (11, 'static/MLC-SAA1/0319D7E09D93C1C3EF98BBA032CB0FDF.webp', 700, 988, true),
       (12, 'static/MLC-SAA1/179228362D37107F8255BCACFCD4D3A6.webp', 717, 1220, false),
       (13, 'static/MLC-SAA1/A8B27383FBC0E33F782826163F2FA5B4.webp', 732, 620, false),
       (14, 'static/MLC-SAA1/CAD7FFD3736198956EAD6162EBCF3051.webp', 820, 1163, false),
       (15, 'static/MLC-SAA1/E8BEDF8B5098121892D42ACE864A0415.webp', 820, 692, false),
       (16, 'static/MLC-SAA1/EDFAAD647F358B7F2EC32F279EC71148.webp', 771, 1220, false),
       (17, 'static/MLC-SZV1/1D8AFCDF1CD69B3B65D3D9D83FC2A13E.webp', 700, 1020, true),
       (18, 'static/MLC-SZV1/1E59D1E8C425E75115EBF04B01DE99CE.webp', 956, 1520, false),
       (19, 'static/MLC-SZV1/44AED700FDA932BA98079F4D7F2A05E5.webp', 892, 1520, false),
       (20, 'static/MLC-SZV1/4CE82EDCE8C8B8FA2FFD36A2F15E0BB0.webp', 526, 1020, false),
       (21, 'static/MLC-SZV1/9B7F67C9B6EF6B5BC7BF72B66CB97937.webp', 1520, 1133, false),
       (22, 'static/MLC-SZV1/A02168A32C7662242E3F8606617813D4.webp', 668, 1520, false),
       (23, 'static/MLC-SZV1/A54337ACECD9F09DD1F90420884A888F.webp', 1212, 1520, false),
       (24, 'static/MLC-SZV1/B1F9E309C73C9A65B7D1E87C082A8470.webp', 1011, 1520, false),
       (25, 'static/ROU-MPB/33A392EC46BB30E01C2050014AF233F8.webp', 740, 524, false),
       (26, 'static/ROU-MPB/5F34A5243DC0A5757CBD96356A2E61FA.webp', 732, 812, false),
       (27, 'static/ROU-MPB/6925CBCDCAA229CD37761E26E803383A.webp', 628, 988, false),
       (28, 'static/ROU-MPB/7EAAD16B78491202B9035F59E6EB4280.webp', 740, 884, false),
       (29, 'static/ROU-MPB/97528049D1DC5DABE157D191BC6BB161.webp', 724, 988, false),
       (30, 'static/ROU-MPB/EEDFD77890F2A3E71DBEBA8462AEE03F.webp', 692, 756, true),
       (31, 'static/TWS-SWF4/012F48AB3D38FD9D9AD7E679C2CC7A99.webp', 464, 1116, false),
       (32, 'static/TWS-SWF4/4B5400A8F38C39F2759DCA96CEF946DF.webp', 608, 965, false),
       (33, 'static/TWS-SWF4/5A3ADDC2BD379B27D34698DECC8570F5.webp', 746, 837, false),
       (34, 'static/TWS-SWF4/A528F4C87D9155BF873CD90A198C38E2.webp', 1014, 1520, false),
       (35, 'static/TWS-SWF4/B96DBA9C93A10CD33215D6B94CC9BDA3.webp', 752, 1169, false),
       (36, 'static/TWS-SWF4/D763AC665045BEDE7A6BF0FF3B44777D.webp', 1120, 1106, true),
       (37, 'static/WFR-X4C/185028FF2E86B44E7EBAB8088484C99C.webp', 694, 725, false),
       (38, 'static/WFR-X4C/65B24822D2C1268DDE055FD1D5A1DEC7.webp', 820, 1004, false),
       (39, 'static/WFR-X4C/840081BB137C0244AFF33FA20DD86FAC.webp', 708, 1020, false),
       (40, 'static/WFR-X4C/AC41DC4E81EA287D6226FEC794FDF09A.webp', 676, 725, false),
       (41, 'static/WFR-X4C/AD7E28EB1A79D0B4BD32441B2EDD6534.webp', 710, 1020, false),
       (42, 'static/WFR-X4C/B14BEE6841A0DE83FF69C71CDA4B8DBA.webp', 727, 1020, false),
       (43, 'static/WFR-X4C/D6B56AADD1401C6EE0C299F96D0B6C06.webp', 709, 732, true),
       (44, 'static/WRR-XME0/013d21f8be31be5a14766bd086c4c484.webp', 1004, 1109, true),
       (45, 'static/WRR-XME0/4b1dd5626485ed77050400ab50611d11.webp', 1028, 1004, false),
       (46, 'static/WRR-XME0/53e420fc7bc67fc4d28b0894502bda99.webp', 1012, 716, false),
       (47, 'static/WRR-XME0/946e6be820156b1eb2955b701e514f85.webp', 971, 1188, false),
       (48, 'static/WRR-XME0/d3cfeffc62a609fadd0843776fa5ac68.webp', 899, 1196, false),
       (49, 'static/WRR-XO31/22f5ab49a47769372ac9de177ed6a8e3.webp', 520, 520, false),
       (50, 'static/WRR-XO31/b7167fadcf5d84efe6b8a486aaee43d2.webp', 520, 520, false),
       (51, 'static/WRR-XO31/be3aa7b732c29e5a3cbc3d45694a5503.webp', 520, 520, false),
       (52, 'static/WRR-XO31/e22aa9b87c4060934741ec7fecdc7506.webp', 520, 520, false),
       (53, 'static/WRR-XO31/e4744d3dfc06fe78dadbafd190cf5de7.webp', 520, 520, true),
       (54, 'static/BHA-SW04/0368253fa0585910e50c02c598769893.webp', 908, 908, false),
       (55, 'static/BHA-SW04/5465bf53867d0ecb077c0e19e8219d06.webp', 997, 933, false),
       (56, 'static/BHA-SW04/7fe3b7c4d297d5352f50b40efe375f1a.webp', 997, 732, false),
       (57, 'static/BHA-SW04/b126569193c37db1f7fa484fef6e2714.webp', 1020, 709, true),
       (58, 'static/BHA-SW04/becd4c908415d59f7d5b47f9b6666d06.webp', 1004, 958, false),
       (59, 'static/BHA-SW05/68134b74aeb92a8a06a68b7d1c219ac0.webp', 1709, 1077, false),
       (60, 'static/BHA-SW05/73122884176003265a43ffee231e4dfe.webp', 2204, 1852, false),
       (61, 'static/BHA-SW05/8af77aca4ae21662684283c82506e936.webp', 1976, 1318, true),
       (62, 'static/BHA-SW05/8f85bdd76cc0cba28593754c394f4adf.webp', 1164, 707, false),
       (63, 'static/BHA-SW05/d2d2a01597391944813ec8c5f03dbdd4.webp', 2454, 2268, false);


INSERT ignore INTO good_image (GOOD_ID, IMAGE_ID)
VALUES (1, 1),
       (1, 2),
       (1, 3),
       (1, 4),
       (1, 5),
       (2, 6),
       (2, 7),
       (2, 8),
       (2, 9),
       (2, 10),
       (3, 11),
       (3, 12),
       (3, 13),
       (3, 14),
       (3, 15),
       (3, 16),
       (4, 17),
       (4, 18),
       (4, 19),
       (4, 20),
       (4, 21),
       (4, 22),
       (4, 23),
       (4, 24),
       (5, 25),
       (5, 26),
       (5, 27),
       (5, 28),
       (5, 29),
       (5, 30),
       (6, 31),
       (6, 32),
       (6, 33),
       (6, 34),
       (6, 35),
       (6, 36),
       (7, 37),
       (7, 38),
       (7, 39),
       (7, 40),
       (7, 41),
       (7, 42),
       (7, 43),
       (8, 44),
       (8, 45),
       (8, 46),
       (8, 47),
       (8, 48),
       (9, 49),
       (9, 50),
       (9, 51),
       (9, 52),
       (9, 53),
       (10, 54),
       (10, 55),
       (10, 56),
       (10, 57),
       (10, 58),
       (11, 59),
       (11, 60),
       (11, 61),
       (11, 62),
       (11, 63);
